Vorname,Nachname,Straße,Hausnummer,PLZ,Ort,Email,Telefonnummer,Mitgliedsnummer
Sven,Köhler-Heinrich,Ottostraße,3,67791,Ilmenau,gierschnercatrin@example.com,+49(0)8534 443828,MGN06613
Univ.Prof.,Carin Reising B.Sc.,Martin-Preiß-Ring,21,62008,Quedlinburg,gabrielasontag@example.org,(04892) 50571,MGN17143
Urban,Lübs,Siegried-Trub-Platz,6,93517,Wanzleben,jschoenland@example.net,07707 278121,MGN22206
Liesel,Hesse-Thanel,Knappeweg,3/3,36903,Lüdinghausen,jaentschdiana@example.com,03063988826,MGN44929
Hedwig,Röhricht B.Eng.,Löfflerstr.,8,92196,Pritzwalk,bkrebs@example.net,00660 790992,MGN55178
Adele,Binner-Sölzer,Alfonso-Stiebitz-Allee,2/7,22215,Erding,karl-ludwiggeisler@example.net,+49 (0) 6919 305719,MGN84619
Gilda,Bohlander,Metzweg,3/1,19633,Strausberg,arnulf15@example.com,+49(0)7687 078815,MGN08817
Gisbert,Boucsein,Carstenweg,7,56037,Gießen,stiffelsaskia@example.com,00504680207,MGN43355
Anneli,Rosemann,Ortmannallee,89,96743,Weißwasser,otfried51@example.com,0032563350,MGN74168
Winfried,Fischer,Mathias-Briemer-Weg,610,38930,Weißenfels,blanka48@example.com,+49 (0) 7599 122944,MGN89041
Erdogan,Bonbach,Hans-Michael-Caspar-Gasse,30,91239,Weißenfels,august16@example.org,03569 52278,MGN37189
Samira,Röhrdanz,Schülerweg,5/8,85859,Greifswald,arnd96@example.net,(03085) 603431,MGN02473
Ortrun,Lachmann,Hans Dieter-Eimer-Platz,1/6,54226,Lemgo,gertraut32@example.org,(01144) 371682,MGN58272
Prof.,Ingrid Scheibe,Hillerstraße,356,72466,Eisleben,marcel05@example.org,+49(0)5666 01414,MGN09953
Pierre,Gröttner B.Sc.,Jähnallee,627,23500,Schweinfurt,teresajaehn@example.org,+49(0)3790 21776,MGN36638
Stephan,Dörschner,Siegbert-Eberhardt-Straße,410,45070,Mettmann,ibinner@example.net,01133 633023,MGN92067
Ing.,Juri Dobes B.A.,Helma-Textor-Allee,6/2,04576,Höxter,tonisiering@example.com,04095 70455,MGN61243
Melissa,Trommler B.A.,Girschnerstr.,736,33840,Kleve,ageisel@example.org,+49(0)4359 354401,MGN09403
Marina,Hande,Walburga-Holzapfel-Weg,445,73642,Genthin,henkclemens@example.net,+49 (0) 4650 647719,MGN36021
Ottfried,Lindau,Slobodan-Löffler-Weg,39,04320,Querfurt,gutknechtarzu@example.net,+49(0)3389 32332,MGN66147
Dr.,Theresa Schinke B.Eng.,Hanno-Kreusel-Platz,04,12398,Deggendorf,julius62@example.com,+49(0)5385992251,MGN38630
Iris,Henk,Naserstraße,041,13484,Hohenstein-Ernstthal,walterdogan@example.net,(07109) 879147,MGN74270
Annerose,Siering,Remo-Weller-Allee,85,84609,Sankt Goar,geisslercristina@example.org,+49(0)1003967861,MGN56113
Carlo,Bruder,Achim-Stiebitz-Platz,4,89902,Mallersdorf,edgar49@example.org,+49(0)8725 89815,MGN83012
Dipl.-Ing.,Mariana Pölitz,Annie-Kraus-Weg,707,27837,Fulda,metzhildegunde@example.org,(01725) 596265,MGN46954
Dr.,Mark Heintze B.Eng.,Klappstr.,2/0,57358,Kyritz,veronicawagner@example.com,+49(0)5443941607,MGN42815
Benedikt,Trüb B.A.,Langeweg,5/4,48944,Lörrach,loefflerfriedhilde@example.com,08288205108,MGN48664
Wolfram,Hoffmann,Till-Schacht-Straße,4,33110,Eilenburg,kaumann@example.com,05928 77467,MGN55280
Silvia,Knappe,Rörrichtring,4,15128,Ludwigsburg,vincenzo61@example.org,00410 275582,MGN48721
Kirstin,Baum,Weihmannstraße,0,30680,Gifhorn,hboerner@example.org,06829 888161,MGN43175
Norman,Vollbrecht,Marjan-Thanel-Straße,02,37713,Borna,rosekitzmann@example.net,05300 876832,MGN53772
Dr.,Nico Ruppersberger MBA.,Rebekka-Ladeck-Weg,9,13455,Garmisch-Partenkirchen,gotthold05@example.com,(08975) 00454,MGN49722
Annelies,Börner-Sontag,Karla-Säuberlich-Straße,74,68591,Naila,raedelguenter@example.net,03292 91494,MGN69713
Denise,Schuster,Lilija-Harloff-Ring,8/3,88506,Donaueschingen,gvogt@example.com,(04250) 20235,MGN26402
Alice,Speer,Schmidtkeweg,557,58175,Vohenstrauß,nbloch@example.net,01597 53977,MGN65281
Petros,Grein Groth,Kallertgasse,1,95472,Nürtingen,salzmarika@example.org,09834 144359,MGN40475
Karl-Werner,Reinhardt,Dietmar-Köhler-Ring,7,81486,Warendorf,phaenel@example.com,05982 39141,MGN56551
Imelda,Kroker,Rosemannstr.,67,28586,Rottweil,ujaehn@example.net,+49(0) 739413499,MGN38427
Lidwina,Hörle,Mudestr.,9/3,65258,Schrobenhausen,mandyjohann@example.org,06455180741,MGN14465
Frithjof,Putz,Riehlgasse,9/3,87501,Greifswald,junkreginald@example.com,02223 450481,MGN40543
Jonas,Rudolph,Karl-Georg-Krebs-Platz,33,97080,Wolfratshausen,ewaehner@example.net,(00355) 96587,MGN47012
Adriane,Tröst,Pauline-Segebahn-Gasse,185,62919,Rothenburg ob der Tauber,kaulgilda@example.org,+49(0) 852223411,MGN26963
Willibald,Weitzel,Marika-Schäfer-Weg,955,62047,Greifswald,korneliakabus@example.org,+49(0) 439661848,MGN06264
Dipl.-Ing.,Fadime Steuer B.Eng.,Heidi-Wohlgemut-Straße,638,70481,Lüdenscheid,geraldineherrmann@example.net,03777869896,MGN48305
Slavko,Röhricht-Ruppersberger,Bolzmannweg,192,54088,Hildesheim,teresafaust@example.com,+49 (0) 1489 685427,MGN62996
Hatice,Stahr B.Eng.,Hanny-Beckmann-Allee,740,98355,Wismar,karzann@example.org,+49(0) 775079536,MGN91112
Roger,Franke,Gisa-Thanel-Platz,599,25916,Deggendorf,tilmann64@example.net,05958 61735,MGN98096
Univ.Prof.,Editha Wilms,Reinhilde-Hecker-Gasse,4,36023,Neustadtner Waldnaab,atzlercosimo@example.com,(06294) 94907,MGN38821
Anastasios,Sager B.Eng.,Geislerring,6/2,45634,Passau,lucianobonbach@example.com,(09171) 690353,MGN99390
Eckhardt,Löffler,Senol-Krein-Gasse,3/2,41317,Beeskow,anka17@example.net,+49(0)7431 95941,MGN69690
Dr.,Kunigunde Jessel MBA.,Krauseweg,7,94289,Mühlhausen,thilowende@example.org,(03982) 455329,MGN23128
Max,Trommler-Ernst,Preißallee,6/0,09374,Waren,trudi50@example.com,+49(0)0688431532,MGN72830
Luis,Hein,Timm-Schleich-Platz,1,05373,Reutlingen,lena06@example.com,+49(0) 161196882,MGN23601
Kunibert,Karge-Kusch,Ritterallee,147,01340,Konstanz,birnbaumgudula@example.net,+49(0) 315740601,MGN47797
Adelgunde,Paffrath,Doreen-Schaaf-Allee,539,70434,Worbis,nzahn@example.com,(04547) 07828,MGN23241
Helmtrud,Gumprich MBA.,Ursel-Eimer-Gasse,116,45509,Mühldorf am Inn,gisbertraedel@example.net,(04194) 225069,MGN48811
Anna-Lena,Metz,Ibrahim-Gertz-Weg,533,64595,Erkelenz,claas12@example.com,08786 00958,MGN68330
Herwig,Klapp B.A.,Carina-Kabus-Straße,18,44063,Kassel,thartmann@example.com,(08800) 55552,MGN91235
Dominik,Höfig,Heinrichstraße,91,36945,Helmstedt,vesnaweiss@example.com,+49(0)4296 792857,MGN51310
Kemal,Kostolzin,Hans-J.-Drewes-Straße,9/8,58210,Miesbach,nschuster@example.net,0302394299,MGN50397
Ing.,Mandy Mude B.A.,Bonbachweg,73,27154,Görlitz,liebeltregine@example.net,(01170) 950443,MGN11844
Annita,Kaul,Jacobi Jäckelstr.,5/6,54550,Regensburg,jmohaupt@example.org,09619 48120,MGN69690
Ernst-Otto,Geißler,Süleyman-Holsten-Platz,1/6,96825,Einbeck,reisingherrmann@example.com,05597 456304,MGN80794
Hassan,Putz B.Eng.,Karl-Friedrich-Gutknecht-Platz,6/1,27943,Forchheim,holtchristos@example.net,+49 (0) 3659 010955,MGN40857
Dipl.-Ing.,Alwin Warmer,Kranzstraße,702,43984,Sangerhausen,jopichreimund@example.net,+49(0)8251 998949,MGN46741
Samuel,Lachmann,Hans-Rainer-Loos-Gasse,09,52925,Helmstedt,balthasarpechel@example.org,07379569712,MGN61760
Robert,Zobel B.Eng.,Liesa-Ehlert-Gasse,3/0,30860,Stollberg,jacek61@example.net,+49(0)5531 95507,MGN16940
Micha,Junck,Ottomar-Steinberg-Gasse,2,78939,Oranienburg,nziegert@example.org,(01504) 24107,MGN78195
Anneke,Mielcarek,Johan-Mies-Straße,3,78250,Vechta,mloewer@example.net,+49(0)7000124780,MGN59341
Dr.,Dorle Täsche,Gießgasse,3/7,34578,Neuruppin,ariane19@example.org,(01118) 42213,MGN62479
Gerold,Roskoth,Raymund-Heß-Platz,125,71120,Schleiz,simona85@example.org,04623 955338,MGN58812
Baldur,Gumprich,Kochring,262,42050,Wolgast,hendriksanett@example.net,+49(0)3306 94271,MGN30597
Klaus-Günter,Ruppersberger B.Sc.,Heike-Gerlach-Gasse,6,83607,Aachen,soniatrueb@example.org,+49(0)8375 801325,MGN84585
Ing.,Freya Ullmann,Waltraud-Karge-Allee,897,43938,Neu-Ulm,h-dieter62@example.org,+49(0) 839207386,MGN21755
Joanna,Lachmann,Joerg-Patberg-Gasse,6,19459,Kronach,tiborhartmann@example.org,(08381) 40920,MGN90391
Frieda,Metz,Ingbert-Winkler-Platz,2,60599,Kehl,jhoelzenbecher@example.com,+49(0)6892563298,MGN75563
Stanislaw,Hethur,Nergerplatz,99,08576,Teterow,diedrich87@example.org,(05685) 04095,MGN21340
Franz-Xaver,Kambs,Gerhardt-Lindau-Weg,388,57873,Senftenberg,joergbolzmann@example.com,+49(0)5556164061,MGN21317
Univ.Prof.,Leonhard Tröst MBA.,Franjo-Süßebier-Straße,1,22924,Havelberg,sibillagraf@example.com,(02779) 064844,MGN32049
Kristine,Fiebig,Harloffstraße,861,46184,Göttingen,justinehartung@example.org,+49(0)6740 57540,MGN43669
Dogan,Lorch-Schuster,Scholzstr.,7/3,19040,Greiz,guenthermeyer@example.org,+49 (0) 7675 398105,MGN85070
Evelin,Meyer,Etzlerplatz,9,77640,Starnberg,jacobi-jaeckelolga@example.com,(05190) 515940,MGN95543
Constantin,Klingelhöfer,Alina-Römer-Gasse,357,44944,Cuxhaven,steueradalbert@example.com,+49(0)2999 283406,MGN58643
Heinz-Günther,Steinberg,Mülichengasse,757,31933,Suhl,kruschwitzhajo@example.org,(04020) 85280,MGN29001
Hasan,Kruschwitz B.Eng.,Mira-Thanel-Weg,286,07364,Tecklenburg,milossteinberg@example.com,0811184605,MGN77093
Alexa,Lindner-Scheuermann,Christoph-Grein Groth-Allee,393,84056,Borna,christin66@example.com,+49(0) 245237088,MGN56337
Dipl.-Ing.,Stephanie Thies,Gnatzweg,60,52622,Hainichen,joanastiebitz@example.net,(05082) 345653,MGN45559
Herr,Damian Roht,Bastian-Schmiedt-Allee,855,85622,Lübben,sergio10@example.com,0292816165,MGN50465
Karen,Etzler-Mälzer,Janos-Hahn-Straße,21,61900,Grimmen,klappfrithjof@example.org,(02656) 81231,MGN12340
Wilhelm,Dussen van,Aldo-Oestrovsky-Weg,4/6,18723,Guben,riehlilonka@example.net,07382159728,MGN48305
Pascal,Spieß-Schmiedt,Gumprichstraße,85,64970,Kaiserslautern,mstey@example.net,+49(0)8345 60021,MGN28482
Hedi,Ortmann,Wellerring,984,75641,Lüneburg,trappalwine@example.org,+49(0) 851007898,MGN38045
Ing.,Hans-Uwe Hartmann B.A.,Hans-Willi-Holzapfel-Ring,4,27353,Teterow,weinholddragica@example.net,+49(0)9926 446464,MGN67047
Milena,Kallert,Bohnbachgasse,4,86445,Mallersdorf,wolf-dieterjopich@example.org,+49 (0) 3474 651538,MGN57653
Dipl.-Ing.,Enver Wulff B.A.,Margita-Häring-Weg,3/8,86368,Deggendorf,wesackraik@example.org,+49(0)2706 73675,MGN99851
Prof.,Fedor Holsten,Heckerstraße,1,73927,Göppingen,kilian26@example.com,+49(0)9423912100,MGN16119
Jacob,Jacobi Jäckel B.A.,Hans-Otto-Heintze-Platz,0,85970,Eilenburg,jmuelichen@example.com,+49(0) 209350620,MGN08693
Nevenka,Hethur-Ritter,Ebertring,27,04427,Schmölln,zdoerschner@example.com,(01820) 777346,MGN91167
Prof.,Susanna Adler B.Sc.,Thies-Weller-Weg,4,29533,Kötzting,huhnhans-ludwig@example.org,(04127) 509409,MGN97297
Arne,Zirme B.Sc.,Laila-Gierschner-Platz,61,74033,Zschopau,francesco86@example.org,+49(0) 604239531,MGN63278
Raphaela,Eberth,Lachmannweg,071,29776,Göttingen,dbauer@example.net,00885449098,MGN68565
Dipl.-Ing.,Ulf Heinz,Joseph-Ackermann-Weg,4/5,18942,Eisenhüttenstadt,carmine24@example.com,08434 846274,MGN30238
Ing.,Bertold Ullmann MBA.,Netteplatz,787,63558,Mettmann,qjaentsch@example.com,(05217) 374225,MGN74629
Dipl.-Ing.,Roderich Ring B.A.,Wiekring,0/9,02946,Warendorf,freddywohlgemut@example.net,+49(0)9983 551883,MGN46897
Dr.,Darius Holzapfel B.A.,Ruppertstr.,8,36535,Badibling,miroslav41@example.org,+49(0)7324 21458,MGN72638
Christian,Rosenow,Krausring,40,95133,Hoyerswerda,ronny20@example.org,+49(0) 258458210,MGN40262
Gino,Pohl,Zahnweg,840,43445,Jena,nthanel@example.com,0067868914,MGN30755
Klaas,Henck,Fischerstraße,5,58460,Lübben,hinrich85@example.net,00053606962,MGN68767
Julie,Eckbauer,Harloffallee,37,19207,Potsdam,stolldunja@example.com,+49(0)7843409067,MGN18694
Dr.,Catherine Ullmann B.Eng.,Hans-Ludwig-Fechner-Allee,2,94292,Sankt Goar,geiselkarl-georg@example.net,+49(0)9379498033,MGN41634
Salih,Junitz B.Sc.,Inken-Steinberg-Ring,24,18313,Rockenhausen,gotthardimelda@example.net,+49(0)6467 13697,MGN92270
Theobald,Gerlach,Mosemannstraße,7,20329,Bogen,petergertz@example.org,08798 31874,MGN88084
Giesela,Wagner,Schenkring,481,48016,Jena,odehmel@example.com,03463 966913,MGN44851
Guntram,Beckmann-Bolnbach,Phillip-Scheuermann-Ring,3/3,00749,Ebern,pia82@example.org,+49(0)6499764839,MGN32319
Wilma,Beyer,Jesselstr.,995,04336,Monschau,zmende@example.net,+49 (0) 0768 196681,MGN82358
Susan,Gierschner B.Sc.,Hübelstraße,6/7,30087,Eichstätt,rabea15@example.com,+49(0)7318945561,MGN18009
Klaus-Werner,Fischer,Ladeckallee,6,34396,Gadebusch,waltherscholtz@example.com,+49(0) 339479817,MGN82864
Herr,Julian Textor B.Sc.,Philipp-Stumpf-Weg,1/3,70163,Geithain,sigurd43@example.org,05968 85418,MGN34748
Andrea,Graf,Jesselplatz,955,74756,Delitzsch,jan-peterkuhl@example.net,+49 (0) 4151 001364,MGN37606
Ludwig,Heß,Jäkelplatz,3,73504,Siegen,lorenzbruder@example.com,+49(0)9611 427272,MGN90256
Ute,Gertz,Mariana-Gutknecht-Weg,6,18230,Regen,ihentschel@example.org,+49(0) 004424417,MGN18975
Swen,Höfig,Sergej-Förster-Gasse,4,83751,Schwabmünchen,ssorgatz@example.net,+49(0)7983761817,MGN33332
Birger,Klotz,Schleichstr.,3,04025,Eutin,monica63@example.com,+49(0)1764 562546,MGN74977
Walli,Stahr-Heinrich,Seidelstraße,3,12338,Finsterwalde,franciscosiering@example.com,08734 91937,MGN60231
Eckhardt,Drewes-Karz,Gottlob-Holt-Ring,7,16847,Berlin,zweinhage@example.com,+49(0)5435 723835,MGN25692
Hellmut,Hahn,Hatice-Kabus-Gasse,1,61574,Viechtach,handepatrick@example.com,(03463) 150240,MGN26963
Kreszentia,Gute,Elsa-Henk-Ring,8,92796,Gräfenhainichen,gotthardraisa@example.net,+49(0)3352 02169,MGN46190
Hedda,Wulff,Jopichstr.,74,79262,Klötze,urseldrewes@example.com,+49(0) 620063640,MGN24040
Dr.,Emine Bohlander,Angela-Klemt-Ring,38,75689,Rastatt,corinna70@example.org,07119393713,MGN03496
Giovanna,Lübs MBA.,Leonid-Schuster-Weg,6,73453,Weimar,benthinenrico@example.net,+49(0)8984 998001,MGN04330
Friedrich,Schmiedt,Isa-Birnbaum-Straße,110,12003,Cottbus,heidrichmia@example.org,+49 (0) 6911 022658,MGN84417
Milica,Klemt,Kambsallee,672,59902,Saarlouis,ursulakostolzin@example.com,+49 (0) 1459 347637,MGN74933
Anna-Lena,Reuter-Kabus,Mareen-Tschentscher-Gasse,9/4,09040,Saulgau,hartmut86@example.com,01927 233490,MGN70838
Hedy,Kambs,Sieringring,4/4,98366,Dachau,arminfroehlich@example.net,+49(0)0141326437,MGN69476
Linda,Möchlichen,Berthold-Henschel-Straße,9/3,55037,Monschau,ljiljanazorbach@example.net,+49(0)9526 975115,MGN79747
Dr.,Wolfhard Karge,Holzapfelplatz,9/9,21153,Groß-Gerau,valeriekrein@example.com,(09035) 512096,MGN15860
Wulf,Rudolph,Köhlerstr.,04,21643,Erbisdorf,qpoelitz@example.net,+49(0) 562420334,MGN95992
Dr.,Mahmut Köhler,Rustallee,4,39196,Schwarzenberg,janina47@example.com,04411 556534,MGN72032
Pamela,Heinz MBA.,Patbergstraße,5/9,61248,Bremen,virginiaconradi@example.net,(00456) 74519,MGN66596
Massimo,Krein,Linda-Staude-Straße,6/4,64509,Angermünde,angelica42@example.org,+49(0)3266 910856,MGN75541
Hans-Wolfgang,Textor-Bonbach,Budigplatz,811,07815,Wittstock,walter97@example.org,07356525190,MGN64606
Hans-Henning,Täsche-Dussen van,Annegrete-Kreusel-Ring,8/3,68448,Helmstedt,xhamann@example.org,(05633) 807771,MGN38281
Hans-Werner,Pärtzelt,Geiselgasse,03,54340,Großenhain,laila76@example.org,+49(0)7880 428439,MGN35750
Sergio,Löffler,Benthingasse,270,74340,Emmendingen,qbohnbach@example.com,+49 (0) 3398 697907,MGN70883
Mato,Hövel,Sibille-Wieloch-Weg,813,83681,Säckingen,nknappe@example.com,+49 (0) 1205 635711,MGN61759
Piotr,Börner,Pechelgasse,182,94473,Biedenkopf,klemtlilo@example.net,+49 (0) 8801 456417,MGN44312
Prof.,Adelheid Haase,André-Ackermann-Straße,07,85939,Stadtsteinach,ivonne21@example.com,+49(0)4983949256,MGN88444
Alois,Löffler,Striebitzgasse,880,22443,Berchtesgaden,hzaenker@example.com,+49(0)9635334549,MGN12902
Sedat,Schleich,Kunibert-Carsten-Gasse,1,22876,Ilmenau,udobes@example.net,06867676838,MGN28763
Ing.,Karen Tlustek,Langestraße,69,73313,Deggendorf,ekrem77@example.org,+49 (0) 4852 257645,MGN27335
Valerij,Mentzel,Röhrichtstraße,62,01740,Mettmann,zetzler@example.com,+49 (0) 9552 115975,MGN78162
Cornelius,Kuhl,Carl-Heinz-Hecker-Ring,301,86696,Jena,eberhardtbaldur@example.com,+49(0)5491438696,MGN52074
Leon,Sauer,Betty-Langern-Platz,57,85752,Ansbach,frieder65@example.com,08616 83512,MGN99873
Lotte,Blümel-Wähner,Serpil-Preiß-Platz,0,84916,Lüdenscheid,gisafliegner@example.com,+49(0)7974459920,MGN65281
Hans-Otto,Kensy,Reichmannstraße,0/7,56616,Lippstadt,eggertspeer@example.org,+49(0)9627 89712,MGN45436
Hardy,van der Dussen-Heser,Heinz-Wilhelm-Wende-Allee,377,52650,Forchheim,sarah52@example.net,+49(0)5599 081420,MGN76441
Kenneth,Ditschlerin,Kruschwitzallee,515,69351,Marktheidenfeld,kaulmarta@example.net,09585 657298,MGN26503
Reinald,Kostolzin B.Sc.,Segebahngasse,0/4,80957,Forchheim,flora54@example.com,+49(0) 257814592,MGN14612
Vittorio,Hiller,Gertrude-Krebs-Platz,9/4,46272,Dinkelsbühl,xaver36@example.com,+49(0)7031 635595,MGN08266
Ralph,Lachmann,Pölitzring,985,11937,Reutlingen,iankraus@example.net,+49(0) 552399429,MGN45289
Valentin,Walter-Lange,Hettnergasse,22,84937,Hannoversch Münden,harloffeileen@example.net,02222226231,MGN14601
Hans,Jörg Wende-Carsten,Vassilios-Tlustek-Straße,24,30079,Schrobenhausen,sorgatzanne-rose@example.com,+49 (0) 4155 650529,MGN18975
Rabea,Zirme B.Sc.,Wulfstr.,2/6,33720,Neustadt am Rübenberge,nicolekoester@example.org,+49(0) 816075222,MGN94463
Zoltan,Heinrich,Bastian-Neuschäfer-Platz,30,11684,Lübz,niklaskaester@example.net,+49 (0) 0143 459656,MGN77611
Pascale,Krebs,Adele-Roht-Allee,5,59622,Rathenow,ivana43@example.com,06857007903,MGN33826
Dr.,Kevin Schacht MBA.,Swetlana-Klemm-Ring,2,54247,Iserlohn,franz-josefsoeding@example.com,+49(0)0759110334,MGN86341
Elzbieta,Kambs,Wagnerstr.,33,42615,Tecklenburg,manuelasegebahn@example.org,+49(0)9047 32925,MGN84260
Luzia,Krause,Jüttnerweg,7/8,64801,Melle,julia52@example.net,+49(0) 270078357,MGN23162
Zoran,Weiß,Heinz-Jürgen-Etzold-Straße,90,46312,Neunburg vorm Wald,benno06@example.org,(00241) 230504,MGN43142
Nathalie,Schweitzer,Luzia-Binner-Platz,8,46354,Sebnitz,belinda23@example.org,07044 515936,MGN73831
Jadwiga,Beier,Josephine-Franke-Platz,6,39261,Einbeck,ortmanndenis@example.org,+49(0)9317 13793,MGN34603
Ing.,Elfriede Löffler B.A.,Rädelallee,5,67852,Leipziger Land,eigenwilligimke@example.com,07360 87814,MGN93619
Janusz,Stumpf-Steckel,Holstenstraße,461,14912,Herzberg,jfliegner@example.net,(07266) 581536,MGN50117
Birthe,Reichmann-Reichmann,Heintzeallee,0,86824,Lübben,pweinhold@example.net,+49(0)0680 743797,MGN74933
Herr,Lukas Schmidtke,Heßstraße,3,53843,Bamberg,rose-marieadler@example.com,+49(0)3187 01887,MGN21823
Univ.Prof.,Ruth Gierschner B.Sc.,Freudenbergerstraße,0,22087,Kleve,yreichmann@example.org,+49(0)4623984976,MGN09672
Herr,Berthold Wähner,Tlustekplatz,08,12575,Mayen,sjaentsch@example.net,02394 494246,MGN33286
Madeleine,Eberhardt B.Eng.,Patbergallee,649,94474,Wittmund,stolzeheidemarie@example.net,+49(0)9470872795,MGN66204
Leonardo,Radisch,Heinz-Josef-Geißler-Weg,35,59053,Apolda,schuchhardtarnold@example.com,02826 244643,MGN69746
Christina,Boucsein,Klaudia-Hahn-Straße,779,96941,Stade,lilo70@example.com,+49(0)8794507841,MGN88006
Ottomar,Putz,Weinhageplatz,324,26310,Eisenach,kilianjungfer@example.net,07171313266,MGN91998
Stanislav,Kranz,Lorchgasse,635,10627,Steinfurt,rezakruschwitz@example.net,0338178225,MGN36098
Erdmute,Mies,Pölitzweg,2,58371,Northeim,qbinner@example.net,(02207) 68006,MGN20169
Wendelin,Ackermann MBA.,Elwira-Scholl-Ring,3/5,23861,Neunburg vorm Wald,wbohlander@example.com,+49(0) 036211923,MGN24477
Dipl.-Ing.,Nurten Tröst,Gesa-Steckel-Weg,3/0,86666,Strasburg,dorotheeheuser@example.com,+49 (0) 6820 901890,MGN65146
Romy,Lange-Beier,Schmidtkering,91,73241,Saulgau,uschuster@example.com,08114 48301,MGN86778
Ingmar,Schönland B.A.,Rognerplatz,36,95112,Nürtingen,zorbachannerose@example.net,+49(0)1919 40583,MGN10641
Dipl.-Ing.,Zeljko Bonbach,Junckweg,06,13225,Herford,benita06@example.net,+49 (0) 3641 202189,MGN26064
Michelle,Herrmann B.Sc.,Dehmelweg,5/7,20426,Eichstätt,svenbarkholz@example.com,+49(0)3315 111529,MGN36065
Hans-Dieter,Neureuther MBA.,Kevin-Müller-Straße,839,05222,Bad Freienwalde,klaus-d12@example.net,0494566236,MGN86521
Herr,Utz Hecker,Boucseingasse,7,45820,Aschaffenburg,rbeckmann@example.org,0256201780,MGN02169
Domenico,Höfig,Joanna-Döring-Gasse,67,79079,Hannover,kensyella@example.org,+49(0)1633333713,MGN97107
Magarete,Meister,Stollgasse,3/8,94703,Wolfenbüttel,anettroehricht@example.org,04201 14192,MGN45762
Mandy,Striebitz,Adolf-Dehmel-Gasse,38,04163,Spremberg,haufferilja@example.org,+49 (0) 1102 521361,MGN51747
Corinne,Trub-Mälzer,Dussen vanallee,1/2,23523,Demmin,krokermilka@example.net,+49(0)3637838220,MGN53884
Sergio,Schleich-Gehringer,Marcella-Trüb-Allee,72,43425,Schwandorf,asiering@example.com,(06021) 568096,MGN67441
Kristina,Austermühle B.Sc.,Heidi-Junk-Gasse,4,27268,Auerbach,geertbenthin@example.com,+49(0) 895383391,MGN87713
Prof.,Laura Hornig,Sölzerring,99,31233,Neubrandenburg,nicolasmeyer@example.org,+49(0)3587 625228,MGN83607
Sylvia,Barkholz,Losekannring,96,38290,Forst,janos94@example.com,+49(0)0112959598,MGN40891
Kemal,Mude,Bohlanderstr.,483,73684,Cuxhaven,uklotz@example.org,+49(0) 429292894,MGN37932
Friedhelm,Christoph B.Sc.,Freya-Kabus-Platz,4,92395,Altötting,slawomirkohl@example.org,0981882299,MGN90638
Jens,Hering,Gunhild-Franke-Straße,3/1,92510,Celle,magritkrebs@example.net,+49 (0) 7432 959541,MGN99637
Melitta,Blümel,Schweitzerstraße,2,53607,Mayen,fbeckmann@example.net,0212595397,MGN50690
Ortrud,Ruppert-Wesack,Zahnallee,9/6,15103,Lüneburg,conradscheel@example.net,+49(0)5624446717,MGN37358
Univ.Prof.,Sonia Döhn,Jockelweg,022,35341,Nürtingen,hannchen15@example.net,+49 (0) 4148 324760,MGN96128
Woldemar,Krebs,Köstergasse,1/8,92567,Miltenberg,ytaesche@example.org,+49(0)8743342045,MGN95431
Dr.,Lisa Dehmel,Säuberlichplatz,73,29709,Bautzen,hans-willi33@example.com,06996270557,MGN24972
Simone,Junken MBA.,Speerstr.,2,34942,Ebern,sontagkarina@example.net,+49(0)0896 125597,MGN45638
Frau,Rosmarie Bolnbach B.Eng.,Ebertstr.,05,07195,Aurich,hans-jochen26@example.com,+49(0) 860662629,MGN43513
Petra,Schmidtke,Inka-Dietz-Platz,78,59600,Mayen,theinrich@example.com,05889 781487,MGN36346
Charles,Gotthard MBA.,Reimar-Fischer-Allee,41,03591,Wertingen,emmerichstiffel@example.net,(05844) 41759,MGN71020
Dipl.-Ing.,Nils Barkholz,Janette-Sager-Gasse,5,38656,Bischofswerda,bertatroest@example.org,0774189778,MGN01449
Egbert,Beer,Kobeltstraße,5,98723,Artern,hans-georgkobelt@example.net,08402833061,MGN40813
Dina,Schaaf,Pergandeweg,712,27343,Klötze,hans-wilhelmsontag@example.org,+49(0)3909 233329,MGN41702
Lidwina,Krebs,Thanelring,4,81643,Potsdam,kranzlidia@example.com,+49(0)9293739558,MGN77217
Uli,Sontag-Cichorius,Urte-Eberhardt-Allee,5/2,84795,Uffenheim,bloewer@example.com,(06280) 08551,MGN72762
Dr.,Veronica Siering,Sami-Karge-Ring,8/5,45510,Teterow,wdippel@example.com,+49(0) 997175868,MGN88196
Sabrina,Misicher,Gießallee,452,16655,Fürstenwalde,geertwiek@example.com,08438295118,MGN28235
Gaby,Reichmann,Horniggasse,274,91797,Hersbruck,baptist88@example.com,+49 (0) 0733 696738,MGN19808
Bernhardine,Weinhold,Adriane-Geisel-Weg,603,88721,Bautzen,jkuhl@example.com,+49 (0) 1282 615980,MGN00268
Dipl.-Ing.,Ute Werner,Claudius-Hahn-Allee,0,08719,Sömmerda,wgumprich@example.com,04796414138,MGN83911
Horst-Günter,Gehringer,Bärerweg,23,43555,Mühldorf am Inn,jmaelzer@example.org,+49(0)3846556784,MGN58474
Theodor,Fiebig,Joerg-Ackermann-Allee,07,73474,Riesa,stolzeholm@example.net,+49(0) 788146043,MGN03272
Univ.Prof.,Rahel Bolnbach B.Eng.,Trübring,8,78047,Germersheim,yroehrdanz@example.com,(06811) 457347,MGN78533
Valentin,Ruppert,Annelise-Birnbaum-Allee,38,18858,Eilenburg,broerricht@example.net,00993 376227,MGN53301
Fadime,Noack,Miguel-Hölzenbecher-Weg,171,33167,Recklinghausen,rohledermichail@example.net,+49(0)6246 55919,MGN23083
Mariola,Käster B.Sc.,Drubinring,9/7,62393,Wittmund,wernersusan@example.org,+49(0)5544 396598,MGN85081
Meta,Krein,Erica-Hellwig-Ring,7/0,89498,Norden,alf71@example.org,+49(0)6486 78499,MGN66473
Herr,Christoph Langern B.A.,Meisterplatz,457,37092,Steinfurt,bastian53@example.com,+49(0)1858907561,MGN90829
Karl-Josef,Briemer B.Eng.,Abdullah-Gertz-Gasse,48,61115,Germersheim,wrosemann@example.com,+49(0) 683156385,MGN56270
Calogero,Budig,Helen-Geißler-Allee,606,54804,Donaueschingen,wschmiedecke@example.net,+49(0) 971985173,MGN20383
Dariusz,Herrmann,Margarethe-Gorlitz-Platz,43,38729,Forchheim,johannabeyer@example.net,0427612657,MGN73785
Univ.Prof.,Sebastiano Tschentscher,Annie-Mude-Straße,8/8,80226,Hofgeismar,markus59@example.net,+49(0)9987 01890,MGN86330
Mona,Klingelhöfer,Gunda-Tröst-Weg,90,21716,Erbisdorf,beckerdennis@example.com,+49(0)6570886445,MGN98030
Dipl.-Ing.,Anka Lorch,Stumpfweg,44,91749,Starnberg,jacob83@example.com,06211424231,MGN66350
Univ.Prof.,Rolf Wieloch,Harloffgasse,03,95480,Badoberan,dschenk@example.net,01958 15952,MGN25951
Meike,Beer MBA.,Helene-Ladeck-Platz,0/3,93876,Leipziger Land,deigenwillig@example.net,+49 (0) 7056 672078,MGN16029
Karl-Hermann,Adolph,Tanja-Schulz-Platz,7,44798,Erding,holtfranca@example.org,05109 16805,MGN94643
Emil,Gumprich,Pruschkegasse,34,23324,Kulmbach,tmies@example.net,+49(0)4266 655306,MGN55763
Georgine,Langern B.A.,Karl-Heinz-Heinrich-Gasse,550,85828,Gera,onette@example.net,(01073) 92614,MGN67575
Philippe,Kambs,Doris-Mude-Ring,268,72640,Garmisch-Partenkirchen,klaus-guenter28@example.net,(09517) 15950,MGN89007
Silvio,Gröttner MBA.,Svea-Eckbauer-Weg,095,43778,Staßfurt,bergerelvira@example.com,0315521078,MGN27739
Hansjörg,Winkler,Louis-Bohnbach-Gasse,5/5,18680,Mühlhausen,schmidtkezlatko@example.net,+49(0)0232 40003,MGN74922
Prof.,Riza Hölzenbecher,Lukas-Sölzer-Straße,089,83705,Heiligenstadt,ykabus@example.org,0409784118,MGN86554
Christin,Schüler,Vinzenz-Klapp-Straße,9,15129,Bremen,kuhlmarga@example.net,+49(0)8014 50910,MGN30294
Arzu,Faust,Binnerweg,71,49808,Suhl,mohamed17@example.net,09631 828595,MGN89625
Kaspar,Kallert,Losekannstraße,556,39366,Görlitz,renato05@example.org,+49(0) 046643179,MGN80525
Constantin,Ruppersberger B.A.,Gisela-Lindner-Ring,31,38397,Güstrow,annihering@example.com,+49(0)4902 10989,MGN51130
Univ.Prof.,Aleksandar Reinhardt B.Sc.,Nermin-Jüttner-Straße,37,47812,Bremervörde,stumpfkarl-heinz@example.org,+49(0)4663 713869,MGN46437
Hans-Georg,Gerlach,Irmengard-Schottin-Gasse,7/2,36969,Bruchsal,sbolnbach@example.net,0246265739,MGN40239
Theo,Junitz,Kenneth-Hartmann-Allee,507,08422,Auerbach,mirjarose@example.org,+49 (0) 7893 588892,MGN13149
Heinz-Josef,Röhrdanz,Römerallee,2,54133,Schlüchtern,wroehricht@example.org,07389054180,MGN49722
Theresa,Ackermann,Mandy-Ring-Straße,4/7,90882,Greiz,michellemueller@example.com,0121114840,MGN02901
Gönül,Schäfer,Maren-Römer-Platz,65,49489,Luckau,pbeyer@example.net,(06280) 58419,MGN51826
Flora,Textor,Mohauptring,3,56751,Tirschenreuth,lucianojaekel@example.com,+49(0) 683859929,MGN11305
Ing.,Katherina Striebitz,Walterring,34,73491,Pinneberg,kuehnertildiko@example.org,+49(0)6030 73947,MGN24882
Jadwiga,Döring,Wilmsstraße,459,69891,Wolmirstedt,istvan98@example.org,+49(0)5678761244,MGN31295
Prof.,Eleonore Heydrich,Herrmannallee,3/8,06919,Hünfeld,sloechel@example.net,0165825801,MGN73336
Jens,Lorch-Löchel,Luitgard-Finke-Allee,850,60175,Hannoversch Münden,gisbert94@example.com,+49(0)6559 641304,MGN41881
Rochus,Hornig,Anto-Zorbach-Ring,55,38470,Perleberg,ykeudel@example.org,+49(0)5886346869,MGN75697
Bogdan,Hövel B.A.,Peukertstraße,18,94788,Niesky,nbriemer@example.org,+49(0)6251 036288,MGN72234
Iwan,van der Dussen,Biggenring,7/5,27973,Magdeburg,arzu56@example.com,+49(0)3798 235245,MGN74393
Hans,Meyer MBA.,Natalija-Graf-Platz,22,86457,Bad Kissingen,hilde47@example.net,+49 (0) 3849 715231,MGN50566
Frau,Ulrike Lange,Lia-Eberth-Platz,3,09564,Stade,theser@example.org,+49 (0) 8947 323658,MGN64392
Ulrike,Wernecke B.A.,Jesselgasse,0/8,37719,Schweinfurt,cynthiaschmiedecke@example.com,09102 641230,MGN72852
Dr.,Darko Thies MBA.,Caroline-Ehlert-Gasse,9/8,83051,Ludwigsburg,sholt@example.org,(09738) 94660,MGN58069
Arnd,Drewes,Ditschlerinstr.,7/9,72748,Spremberg,natalischottin@example.com,+49 (0) 7508 598433,MGN27436
Hans-Wolfgang,Röhrdanz MBA.,Heide-Budig-Ring,4,81969,Geithain,tneuschaefer@example.net,(02236) 75457,MGN94025
Guiseppe,Hettner-Seip,Belinda-Stroh-Ring,47,02313,Guben,birte96@example.org,05318423781,MGN75440
Katrin,Metz,Anneliese-Schleich-Allee,23,59899,Demmin,natalja07@example.com,+49 (0) 5995 961014,MGN81032
Johanna,Kusch,Birgitta-Gotthard-Ring,3/4,53663,Wunsiedel,stavrosherrmann@example.org,+49(0)1322970120,MGN64651
Alf,Pölitz,Hermighausenallee,6,27717,Oschatz,niklasradisch@example.org,(08866) 970797,MGN74922
Angelika,Jessel,Philipp-Otto-Gasse,16,18137,Hansestadttralsund,schenkantonios@example.net,(05894) 571327,MGN14870
Univ.Prof.,Horst Patberg B.Eng.,Folkert-Holt-Ring,2,29795,Mittweida,cjunken@example.com,+49(0)8443164947,MGN00268
Univ.Prof.,Gottlob Otto MBA.,Rädelplatz,3/6,30829,Kronach,melittatroest@example.org,05896 687709,MGN21047
Univ.Prof.,Gereon Schleich B.Sc.,Meyergasse,7,68610,Marktheidenfeld,lfischer@example.net,02162 12250,MGN24208
Gitta,Käster,Centa-Atzler-Ring,05,76020,Haldensleben,alex49@example.com,09395697691,MGN44356
Ing.,Evangelos Schulz,Christina-Gehringer-Platz,6,84016,Lippstadt,dkoch-ii@example.org,07199 74420,MGN39541
Margret,Killer,Ullrichgasse,0/8,78173,Ludwigsburg,brittakoch@example.com,+49(0) 398998239,MGN57350
Frau,Johanne Ullrich B.Eng.,Peter-Butte-Weg,3/9,79508,Ravensburg,klemthans-joerg@example.com,04113 599289,MGN81335
Benno,Geißler,Karl-Otto-Stiffel-Allee,168,09571,Ahaus,nuray29@example.net,03616 212968,MGN30104
Prof.,Gerfried Davids B.A.,Waltergasse,0/0,20721,Augsburg,tschuchhardt@example.org,+49(0)2511680960,MGN99783
Dr.,Gilda Riehl B.A.,Karl-Ludwig-Schönland-Weg,71,57596,Freudenstadt,meisternicolai@example.org,+49(0)5342 576040,MGN78892
Herr,Serge Striebitz,Netteplatz,1/8,37154,Zeulenroda,vbaehr@example.com,(09820) 358586,MGN25579
Prof.,Nils Zahn,Ljiljana-Biggen-Ring,4,26116,Dessau,suessebiermicha@example.com,+49(0)6837434838,MGN99053
Arzu,Wilms,Stilla-Köhler-Gasse,26,07352,Miesbach,osontag@example.net,07801 129526,MGN78825
Albert,Trapp MBA.,Adlergasse,6/8,57779,Kitzingen,wellerjurij@example.net,(00947) 47913,MGN61726
Diethard,Stey-Briemer,Johannweg,697,33863,Euskirchen,daniel42@example.net,01888 17630,MGN75978
Alexandra,Ebert MBA.,Karl-Josef-Klingelhöfer-Allee,62,57285,Füssen,jonasseip@example.org,+49(0)3023 64782,MGN94160
Kristiane,Juncken-Tlustek,Dietzstr.,5,54680,Schwarzenberg,dhecker@example.net,+49(0)0156 925075,MGN94621
Margrit,Junk,Bährstraße,938,45384,Rathenow,erdogan85@example.org,0114163992,MGN93541
Dorina,Käster-Schleich,Jacobweg,2,73684,Pritzwalk,wjunitz@example.net,+49(0)9249 227363,MGN85733
Giesela,Scheel-Kusch,Döringring,2,22592,Dessau,eggert81@example.com,+49(0)5396423954,MGN46156
Margita,Flantz,Jacobi Jäckelstraße,6,57575,Bremen,carl-heinz52@example.com,(04752) 90395,MGN84327
Resi,Gumprich MBA.,Theresa-Höfig-Platz,3,02896,Flöha,veronika82@example.org,(09189) 01527,MGN11350
Dr.,Amir Gorlitz B.Sc.,Heuserring,5/8,96208,Uffenheim,marzenahermann@example.net,(04785) 84576,MGN52838
Anke,Schacht,Lachmannstr.,8/6,95463,Bernburg,lhendriks@example.com,02185311837,MGN65539
Magdalene,Zimmer,Brigitta-Jockel-Straße,03,77156,Lippstadt,tpaertzelt@example.net,+49(0)6177 026148,MGN89029
Dipl.-Ing.,Beatrice Bohnbach B.Eng.,Angelina-Pechel-Straße,4/5,95054,Schrobenhausen,luciawerner@example.net,+49 (0) 3590 819623,MGN67485
Egon,Wohlgemut,Hermannplatz,830,48588,Luckenwalde,ejunken@example.org,+49(0) 030426851,MGN15220
Claus-Peter,Schomber,Ramon-Stahr-Straße,587,14460,Wolmirstedt,abram31@example.org,0481241858,MGN90098
Reinhold,Gutknecht,Pascale-Gumprich-Allee,171,19151,Weimar,xkrebs@example.com,+49(0)9915 76481,MGN28796
Dipl.-Ing.,Frauke Junitz,Kramerstraße,75,82701,Badalzungen,nadine20@example.com,(03451) 15892,MGN24400
Dr.,Mandy Ring,Enrico-Trommler-Allee,2/5,37663,Deggendorf,dorothee22@example.net,+49(0)1134 53469,MGN11822
Salih,Ullrich,Romuald-Hörle-Weg,4/5,25629,Angermünde,elena40@example.org,+49 (0) 2262 670283,MGN87421
Ing.,Sibilla Flantz,Stollstraße,764,67628,Koblenz,truppiris@example.net,(05701) 41930,MGN09728
Marica,Kallert,Wohlgemutweg,4/2,25591,Bad Brückenau,ernstiwan@example.net,(00714) 95582,MGN12137
Elfriede,Lindau,Jeannine-Meister-Straße,28,84932,Göttingen,ryszard10@example.com,02359 29542,MGN43489
Zeki,Jäntsch,Burkard-Schüler-Straße,9,84061,Paderborn,schenkveronique@example.net,0737889621,MGN46426
Dr.,Hans D. Schäfer B.A.,Anna-Luise-Barkholz-Ring,53,38082,Mellrichstadt,hkobelt@example.com,+49(0)1697529451,MGN48495
Ann-Kathrin,Rörricht MBA.,Schottingasse,6/3,33363,Luckau,marliese98@example.net,0849190682,MGN60488
Ulf,Beckmann,Bährring,90,21217,Altentreptow,zobelrobby@example.net,00047 144027,MGN32274
Nelly,Weimer,Schenkstr.,90,50202,Meißen,lnoack@example.org,+49(0)9717 796003,MGN47315
Matthias,Lehmann,Ljudmila-Linke-Gasse,015,61334,Cuxhaven,tlange@example.net,04351677591,MGN95666
Prof.,Hüseyin Kramer,Susanna-Rohleder-Ring,3,34954,Pinneberg,drubinkata@example.org,(08831) 093113,MGN82516
Liselotte,Binner,Josephine-Sontag-Ring,826,17134,Staßfurt,adolphmia@example.org,0077955394,MGN34692
Frieda,Henk,Filiz-Bruder-Platz,603,64918,Aschaffenburg,barkholzhannah@example.org,(03654) 821059,MGN19752
Dieter,Schottin-Ruppersberger,Bianca-Pärtzelt-Weg,3,10763,Zschopau,rosekrista@example.com,08362 430329,MGN71301
Friedlinde,Geißler B.A.,Johannes-Ring-Gasse,031,92878,Delitzsch,qbeier@example.net,+49(0) 952795484,MGN48260
Viktoria,Mälzer,Slobodan-Schottin-Platz,84,22065,Gifhorn,magnusbohnbach@example.com,+49(0)4228 95566,MGN71446
Dipl.-Ing.,Urs Jäntsch,Gnatzring,8/3,64674,Einbeck,vadim08@example.com,(00933) 108316,MGN48990
Frederic,Barkholz-Hiller,Seifertstr.,02,34593,Brilon,tintzmannbrigitte@example.net,0543920474,MGN54896
Kunigunda,Girschner,Schmidtkering,70,44185,Brandenburg,heidipaertzelt@example.net,+49(0) 640282655,MGN04420
Ekkehard,Rädel,Friedhold-Thanel-Ring,6,22308,Calw,jesselemil@example.org,04881 599701,MGN08952
Hans-Theo,Becker-Hertrampf,Hilde-Löchel-Platz,40,78916,Oberviechtach,heinzrose@example.org,09867 782515,MGN08907
Ernst-August,Albers,Udo-Bärer-Straße,98,04872,Coburg,hubert38@example.org,02106 851641,MGN46145
Frau,Lotti Winkler MBA.,Stahrstr.,94,19234,Norden,eckhardtschacht@example.org,(06289) 302878,MGN66417
Marko,Jähn,Juan-Bohnbach-Gasse,215,46784,Beeskow,qgunpf@example.com,+49(0)7702 658705,MGN14140
Irmi,Atzler,Kitzmannring,6/3,96465,Groß-Gerau,olinke@example.org,+49(0)0234 04278,MGN82516
Gerhart,Siering B.Sc.,Vollbrechtstraße,557,34151,Auerbach,ebohlander@example.org,+49(0)8581 881372,MGN18829
Bodo,Zobel,Otmar-Dörr-Ring,89,60943,Tecklenburg,ewatrubin@example.net,+49(0)5600 67390,MGN92775
Michail,Ortmann,Stadelmanngasse,9/0,26351,Osterode am Harz,obauer@example.net,+49(0)9437 44168,MGN67890
Eva-Maria,Holzapfel,Hans-Adolf-Biggen-Allee,56,76102,Berchtesgaden,maelzerminna@example.net,04791 00497,MGN14184
Dorle,Bähr,Fiebigweg,6/3,86655,Stadtroda,oskar26@example.net,+49(0) 135260066,MGN86329
Ing.,Diane Etzler,Petar-Biggen-Gasse,5/6,09182,Aue,cheinz@example.com,+49 (0) 3779 325959,MGN03553
Ing.,Cemal Kaul B.Eng.,Winklerweg,9/8,42955,Aschaffenburg,klaus-petereigenwillig@example.net,09448 788766,MGN25142
Charles,Ackermann,Pölitzstr.,8/9,40529,Grevenbroich,antoniabaerer@example.org,0390316511,MGN32588
Univ.Prof.,Muharrem Schönland MBA.,Bayram-Zänker-Allee,83,47968,Hettstedt,ackermanneileen@example.org,09068 859838,MGN90649
Ing.,Arnfried Heuser MBA.,Luciano-Schmiedecke-Gasse,7/8,64180,Naila,eckart60@example.org,(09813) 47567,MGN27223
Mechthild,Wulf,Detlev-Ring-Weg,53,94363,Kehl,ekrem10@example.net,+49(0) 411367084,MGN44660
Ing.,Hakan Lachmann,Kargegasse,4/7,81535,Calau,gertraude11@example.net,+49(0) 070884689,MGN39282
Beatrix,Anders,Klemtstraße,097,84081,Erkelenz,pniemeier@example.org,(06168) 11235,MGN78971
Stilla,Förster,Briemerplatz,17,38796,Büsingen am Hochrhein,paffrathalan@example.org,05554 62316,MGN79938
Eckard,Freudenberger-Lange,Hesseweg,32,20858,Nauen,caeciliakobelt@example.com,09392 21452,MGN70894
Karl-Hermann,Kroker,Noackstraße,57,67044,Bogen,sahinroehricht@example.net,+49(0)6806 705585,MGN73000
Kordula,Oderwald B.Eng.,Gertzgasse,3/0,80827,Moers,doeringsigmar@example.org,(01701) 778941,MGN96050
Univ.Prof.,Mechthild Hoffmann,Gerolf-Lange-Weg,4,25985,Beilngries,ulrike99@example.net,+49(0) 196106332,MGN36481
Herr,Detlef Boucsein B.Sc.,Mario-Bloch-Allee,0/3,00556,Miesbach,ljubica97@example.org,0676686343,MGN22701
Univ.Prof.,Sandy Säuberlich,Tilo-Schäfer-Platz,8,60209,Saarlouis,tintzmanngregor@example.net,(07568) 577758,MGN04183
Prof.,Nelly Mangold,Ernst-Dieter-Bachmann-Gasse,267,51013,Erding,utebaerer@example.org,08771 23286,MGN43298
Mark,Röhricht MBA.,Reimar-Otto-Allee,2/7,87515,Goslar,cdowerg@example.com,(08669) 639535,MGN05195
Svetlana,Warmer,Mentzelweg,48,97040,Haldensleben,arzuzorbach@example.net,(00261) 199697,MGN67317
Aleksandar,Barkholz,Romuald-Butte-Platz,2,93506,Pinneberg,jaroslaw00@example.com,06077 85409,MGN51231
Reimar,Jäntsch,Hörlestraße,3,79941,Erfurt,berndt27@example.com,0004155578,MGN61029
Prof.,Isabel Pechel,Hermannweg,8/8,95635,Rochlitz,weihmannleo@example.net,+49(0) 079750508,MGN60567
Claus-Dieter,Säuberlich,Wirthstr.,027,37117,Staffelstein,gertigehringer@example.org,+49(0)0115 486997,MGN38292
Elizabeth,Mende,Georg-Pieper-Gasse,1/4,83856,Saulgau,selimtintzmann@example.com,+49(0)9224 324692,MGN55347
Ing.,Mohammad Johann B.A.,Hellwiggasse,04,57921,Lübz,kmaelzer@example.org,(03712) 21321,MGN95880
Cornelia,Jäkel-Hauffer,Henkweg,66,89328,Zossen,kensynick@example.net,04938377684,MGN27616
Matthäus,Werner-Mälzer,Evelyn-Lorch-Straße,397,65001,Grafenau,luitgard61@example.com,+49(0)7546 990060,MGN25715
Hiltrud,Dippel,Keudelgasse,65,29018,Gransee,lcichorius@example.net,+49(0) 187365366,MGN01821
Alla,Lachmann,Segebahnplatz,7,63841,Backnang,killerzdenka@example.com,(03811) 731310,MGN71974
Ingmar,Vogt B.Eng.,Trubstraße,8/7,98686,Görlitz,isabel85@example.org,+49 (0) 2239 095713,MGN62907
Mikhail,Wähner,Lehmannstr.,6,29223,Einbeck,lehmannbartholomaeus@example.net,02105906322,MGN74203
Folkert,Schulz,Apollonia-Riehl-Straße,0,64138,Forchheim,csiering@example.org,+49(0)2754 14192,MGN78364
Lambert,Junck MBA.,Rohtgasse,7/1,21557,Delitzsch,lonidoerr@example.net,0167694079,MGN28044
Michail,Löchel,Ivanka-Hethur-Weg,99,18550,Neuss,nettejulian@example.com,+49(0)9785832243,MGN33422
Aleksander,Jessel,Vera-Steckel-Weg,6/7,53717,Rathenow,gustibenthin@example.net,+49(0)4717898975,MGN91066
Frau,Caren Höfig,Anthony-Mangold-Allee,7,37378,Backnang,celal49@example.org,(00390) 73292,MGN37101
Sofia,Schaaf,Pruschkeplatz,65,26120,Viersen,wilhelmine69@example.com,08981309837,MGN41308
Univ.Prof.,Claus-Dieter Roht,Alicja-Lachmann-Straße,987,60257,Helmstedt,ivanaschlosser@example.com,+49 (0) 6556 464248,MGN46987
Beatrice,Patberg,Wiltrud-Reising-Straße,5/6,97957,Worbis,luzie15@example.net,+49(0)7229135680,MGN72335
Nikolas,Bien,Scholzplatz,9/2,24124,Passau,wolframkostolzin@example.org,+49(0) 504435185,MGN41869
Gülay,Krause,Gnatzplatz,4/2,75745,Rostock,xjuettner@example.com,(06471) 23952,MGN14713
Dipl.-Ing.,Stjepan Drewes MBA.,Rocco-Gieß-Straße,96,45605,Sankt Goarshausen,geroldheidrich@example.org,0618957503,MGN15848
Monique,Werner-Berger,Tomislav-Gotthard-Straße,6,25527,Fulda,oscar55@example.com,07808 13522,MGN35547
Frau,Else Heser,Hans-J.-Eigenwillig-Straße,96,06267,Hannoversch Münden,magaretehartmann@example.com,+49(0) 265048753,MGN15792
Marie-Luise,Pärtzelt B.A.,Schlosserstr.,028,95436,Demmin,adinawalter@example.net,03729584587,MGN89074
Elise,Römer,Eva-Liebelt-Allee,98,45139,Greifswald,hartmut46@example.org,+49(0)7770942120,MGN57451
Alessandro,Lehmann,Köhlerstraße,7/0,05293,Altentreptow,jaehngabriella@example.net,(08334) 828661,MGN22576
Karl-Friedrich,Hellwig-Davids,Marina-Plath-Allee,6,35979,Vilsbiburg,dbeer@example.com,+49(0)0356 00655,MGN89928
Prof.,Ann Stiebitz,Säuberlichgasse,0,42632,Erfurt,striebitzoda@example.org,00495 588377,MGN97387
Hulda,Reising,Bolzmannring,67,63078,Tirschenreuth,aklemt@example.com,(01069) 723116,MGN51185
Ing.,Petar Kranz,Genoveva-Buchholz-Platz,86,88726,Bad Brückenau,urban04@example.com,08997 36329,MGN93541
Prof.,Jonas Schlosser B.Sc.,Apostolos-Thanel-Gasse,8/9,73808,Stollberg,wrogner@example.net,(03899) 53660,MGN85799
Ellen,Eberhardt B.Eng.,Gregor-Striebitz-Weg,3/7,91340,Ludwigslust,erdogan69@example.org,(09948) 438120,MGN76485
Carlo,Junitz,Stefania-Süßebier-Platz,40,17372,Erfurt,ggotthard@example.net,(03638) 12152,MGN06770
Ernst,Heintze,Marijan-Bohlander-Gasse,75,24862,Jülich,ercan99@example.com,01031 46654,MGN46763
Univ.Prof.,Frank-Peter Neuschäfer,Schönlandgasse,666,69986,Dinslaken,betina46@example.com,+49(0)6036 320840,MGN62738
Dr.,Nelly Beier,Jäkelring,0,61636,Mittweida,wwagner@example.net,+49(0)0373 949799,MGN29933
Wilma,Henck,Iris-Barth-Ring,01,00958,Neu-Ulm,muehlearnulf@example.org,(06051) 595270,MGN39608
Dipl.-Ing.,Arthur Koch,Leopold-Schulz-Straße,4/9,63640,Lemgo,ingetraut37@example.net,0260652143,MGN72289
Hinrich,Häring,Henschelstr.,34,00452,Bad Kreuznach,conradiraphael@example.com,(09483) 742469,MGN49014
Prof.,Augusta Siering,Trübstraße,92,02327,Bad Brückenau,friedbert82@example.com,(02358) 817669,MGN33893
Zlatko,Riehl,Gudeweg,2,73295,Aurich,gerhild12@example.org,+49(0)3115 22824,MGN91897
Karl-Ludwig,Ebert B.Eng.,Ackermanngasse,08,74519,Germersheim,riathanel@example.net,+49(0) 739032624,MGN61704
Ing.,Burghard Fröhlich B.Eng.,Süßebierring,0/6,99526,Waren,pfoerster@example.com,+49 (0) 0107 818820,MGN66912
Elmar,Austermühle,Kuschring,0/9,89549,Koblenz,theresia44@example.net,+49(0) 461650634,MGN85867
Dr.,Reinhart Zänker,Biggenplatz,2,32789,Erbisdorf,roywarmer@example.net,+49(0)4013 092627,MGN64077
Gaby,Steuer,Uli-Striebitz-Gasse,31,84240,Waren,angelinagutknecht@example.net,04921 75092,MGN21913
Uschi,Spieß,Margret-Schwital-Straße,93,73520,Halberstadt,monique74@example.com,+49(0)3800448889,MGN16850
Annelies,Tlustek-Schulz,Karzplatz,7,87198,Füssen,lernst@example.net,0642691454,MGN85878
Mijo,Schuchhardt MBA.,Vitus-Pechel-Allee,483,54244,Parchim,xraedel@example.net,(08961) 17903,MGN59543
Jan,Schulz,Dobesweg,228,26348,Kleve,aschweitzer@example.com,+49(0) 880528464,MGN02282
Hendrik,Dehmel,Suse-Metz-Platz,201,67022,Witzenhausen,wulffnatalie@example.net,03329908714,MGN66787
Helen,Käster B.Eng.,Eimergasse,8,41393,Sebnitz,gerlinde44@example.org,+49(0)8037555485,MGN72043
Prof.,Marijan Pergande B.A.,Vera-Aumann-Platz,6,44564,Werdau,beckerstanislaus@example.org,+49(0)9761 96673,MGN77239
Ludmila,Otto,Kambsweg,9,45020,Badoberan,wolfhardwohlgemut@example.net,+49(0) 776453602,MGN00112
Dr.,Samira Koch B.Sc.,Julius-Putz-Platz,84,67909,Bruchsal,schollannegrete@example.org,03341777861,MGN28268
Hansjoachim,Jessel,Liebeltallee,71,89197,Berlin,steffioderwald@example.net,08180280017,MGN79231
Irmela,Hermann,Atzlerstraße,8/8,42169,Pirmasens,lidwina06@example.org,00921476301,MGN29809
Jovan,Atzler,Zobelstr.,34,74725,Lüneburg,nikolaus42@example.org,+49(0)7917 67561,MGN83157
Univ.Prof.,Hansjürgen Koch,Heintzestr.,6/2,72652,Lichtenfels,athanasioscarsten@example.net,02282 832954,MGN00099
Ing.,Meik Caspar MBA.,Hartmannallee,694,48870,Hannoversch Münden,jasmina14@example.org,(07569) 09871,MGN93989
Ute,Stiebitz B.A.,Kuhlstraße,3/6,22081,Belzig,schlosserpaulina@example.org,+49(0)9656786209,MGN99536
Hellmut,Mohaupt,Dorit-Rogge-Ring,43,35406,Pinneberg,phillip50@example.com,08030 087476,MGN31510
Hedda,Junck B.A.,Meinolf-Wilmsen-Gasse,7,91156,Meppen,suse07@example.org,+49(0)2256 864119,MGN86936
Heimo,Hertrampf,Karl-Friedrich-Zänker-Weg,7,83124,Wolmirstedt,jbohnbach@example.net,+49(0) 941702205,MGN57316
Nicolas,Geisler-Peukert,Plathweg,8,09882,Stadtsteinach,ivanjungfer@example.net,+49(0)4214 516647,MGN51466
Minna,Pohl,Jaroslaw-Girschner-Weg,703,09535,Pfaffenhofen an der Ilm,wjohann@example.com,+49 (0) 2512 770969,MGN32386
Hans-Uwe,Jäkel,Knappeweg,47,88628,Querfurt,thaddaeus08@example.com,03175617844,MGN16085
Clarissa,Scheel-Mohaupt,Bernard-Jähn-Straße,04,86890,Iserlohn,scholtzdominik@example.com,+49(0)2176363783,MGN68138
Gunter,Hamann,Killergasse,71,41948,Pößneck,epoelitz@example.net,00047 948432,MGN66675
Sylvester,Mielcarek,Mato-Schönland-Gasse,15,77892,Pfaffenhofen an der Ilm,carmen63@example.net,09917 212792,MGN95093
Frau,Resi Eberth B.Sc.,Hartungallee,68,76925,Halberstadt,loretta46@example.com,04548557529,MGN45627
Vittorio,Schweitzer,Rörrichtstr.,4,76247,Senftenberg,weisstilly@example.org,+49(0)2196 13247,MGN63942
Univ.Prof.,Natalija Rogner B.Sc.,Wenzel-Beyer-Gasse,147,25248,München,solveig64@example.org,(07562) 59406,MGN01900
Janna,Nerger,Senol-Klingelhöfer-Allee,82,28410,Ebern,noackhasso@example.com,09388 393384,MGN62648
Gudula,Jungfer,Sauerstraße,542,56239,Heinsberg,spiessklaas@example.com,05600408591,MGN95914
Nikolai,Reuter,Schollring,207,46549,Büsingen am Hochrhein,ikarz@example.net,(04409) 746023,MGN08154
Rouven,Butte MBA.,Anja-Cichorius-Straße,69,82979,Hagenow,reisingswetlana@example.com,+49(0)3061343135,MGN49429
Prof.,Gülsen Hübel,Lübsweg,474,45493,Kemnath,losekanngerdi@example.net,0262009149,MGN82066
Andrew,Hartmann,Willibert-Weimer-Ring,493,59301,Delitzsch,haeringfedor@example.net,0723471729,MGN66620
Gertraud,Hesse,Holstenring,1,18992,Northeim,lidwina37@example.com,(02775) 704350,MGN49306
Ute,Gunpf-Holsten,Krauseplatz,1,26306,Germersheim,kazimbachmann@example.org,+49(0)5822 680287,MGN13464
Anneke,Jäntsch,Sami-Gierschner-Platz,27,93474,Dresden,lwulf@example.net,+49(0)8148 654488,MGN94340
Oswald,Häring,Franka-Lindner-Ring,58,33161,Tecklenburg,schulzedeltrud@example.com,(09068) 136045,MGN86363
Simona,Jähn,Cetin-Fischer-Weg,23,14080,Bad Freienwalde,beeraleksandra@example.org,+49 (0) 6737 220379,MGN00224
Alida,Harloff,Daniel-Trüb-Straße,0/1,95428,Dinslaken,jloewer@example.net,+49(0) 352325699,MGN71277
Olga,Rohleder,Christoph-Beckmann-Allee,4/9,35647,Wurzen,connypaertzelt@example.net,0081927176,MGN80930
Univ.Prof.,Joerg Rörricht,Gülsen-Lindner-Weg,25,56978,Höxter,giessanita@example.org,0703432816,MGN13251
Karla,Fliegner,Imre-Segebahn-Ring,653,48068,Neu-Ulm,lkruschwitz@example.net,0962663204,MGN52625
Swantje,Fröhlich B.Sc.,Marica-Spieß-Weg,124,55007,Pritzwalk,laurenz18@example.org,(02027) 599150,MGN61052
Dominik,Barkholz,Slawomir-Eberhardt-Allee,75,01276,Wurzen,monja33@example.net,+49 (0) 0943 338268,MGN31699
Karl-Otto,Hauffer,Juliana-Wulff-Straße,5,55150,Kleve,pschomber@example.com,(01861) 941349,MGN51433
Maria-Theresia,Ebert MBA.,Constance-Misicher-Allee,444,67398,Angermünde,heikewilmsen@example.net,+49(0) 237312079,MGN98186
Alwina,Junk,Fliegnergasse,5,08202,Konstanz,brunooestrovsky@example.com,+49 (0) 2914 344379,MGN26255
Heinz-Willi,Bruder,Jungferstr.,2,95928,Neustrelitz,gullrich@example.net,0459407780,MGN59666
Laurenz,Kühnert MBA.,Annaliese-Rust-Ring,9,70925,Recklinghausen,weinhagealeksej@example.org,(00684) 234237,MGN14869
Berndt,Killer,Siegmund-Flantz-Ring,6,13500,Grimmen,ykoch@example.net,+49 (0) 5838 827917,MGN99604
Hans-Friedrich,Briemer,Wilmsenallee,617,31006,Rudolstadt,hans-walterpoelitz@example.com,0869947415,MGN61210
Hans-Walter,Schleich,Eva-Maria-Heinrich-Allee,39,62157,Wittenberg,sigrid34@example.com,04961 45974,MGN36672
Olga,Fischer MBA.,Neureuthergasse,036,07320,Lippstadt,woldemarschoenland@example.com,(01276) 918564,MGN65102
Magda,Mohaupt-Mans,Heiner-Bachmann-Weg,18,48986,Havelberg,erikgute@example.net,06181 470401,MGN95789
Dimitri,Boucsein,Samir-Scheibe-Allee,495,15173,Erkelenz,leyla37@example.net,(02865) 143837,MGN18515
Prof.,Johanna Reuter MBA.,Elisa-Girschner-Straße,908,72651,Viechtach,sylwia27@example.com,07982280316,MGN35930
Metin,Ernst,Börnerstraße,5,33992,Tirschenreuth,huelya76@example.com,+49(0)6239 457951,MGN00099
Frau,Rosita Warmer B.Sc.,Klemtplatz,9/6,18770,Ebersberg,edelgard65@example.org,0284401667,MGN22251
Anne,Zobel B.Sc.,Jeanette-Börner-Straße,2,57574,Güstrow,lpoelitz@example.net,+49(0)9719 39281,MGN14049
Dr.,Rosemarie Gunpf B.Sc.,Roswita-Benthin-Platz,130,21913,München,ischoenland@example.com,+49 (0) 0987 603558,MGN67531
Celal,Heydrich,Wiekplatz,8/9,30613,Fulda,salihpatberg@example.com,+49(0)3932948732,MGN29315
Athanasios,Schulz-Knappe,Fiebigweg,6,35919,Ebermannstadt,ajessel@example.net,(01705) 791007,MGN03531
Klemens,Harloff,Ackermannstraße,240,18551,Osterburg,vloewer@example.net,(05224) 123234,MGN71110
Piotr,Bolnbach B.Eng.,Katerina-Kusch-Ring,2,31359,Bruchsal,ivanbarth@example.com,+49(0) 661366495,MGN46954
Krystyna,Scholl,Jungferallee,8/9,43133,Meiningen,boernerregina@example.org,+49(0)2864809564,MGN88286
Elsa,Boucsein B.Sc.,Seidelgasse,371,69025,Gransee,ohenschel@example.org,04905 978760,MGN83360
Urte,Weimer,Calogero-Heintze-Straße,408,85017,Erkelenz,reinholdkade@example.net,00698 47440,MGN60680
Dr.,Yasemin Rohleder,Grein Grothgasse,8,24088,Meppen,junkenvinzenz@example.org,0314823766,MGN83775
Klaus-Peter,Ditschlerin B.A.,Gotthardstr.,2,63731,Biedenkopf,hans-peterdoehn@example.net,+49 (0) 8813 124790,MGN00336
Carmelo,Huhn,Leszek-Kade-Weg,4,19495,Werdau,zoran28@example.net,(01665) 40439,MGN34670
Hans-Georg,Henschel,Sölzerring,3,82721,Ueckermünde,annekatrin00@example.com,+49(0) 569950199,MGN44851
Frederic,Tschentscher-Sölzer,Steinberggasse,74,38483,Germersheim,ernst-dieterthies@example.com,+49(0) 250013155,MGN96566
Hans-J.,Becker,Weißring,016,09531,Hamburg,vradisch@example.org,+49(0) 687286437,MGN50959
Luzia,Jockel-Biggen,Jopichring,8/9,73478,Fürstenwalde,freia75@example.net,+49(0)4664 36050,MGN27649
Isabelle,Niemeier,Römerweg,7,67256,Beeskow,tbruder@example.com,06261063601,MGN60163
Urs,Trommler,Axel-Langern-Ring,678,23653,Pößneck,andreibirnbaum@example.org,(00684) 314703,MGN59688
Gundolf,Mangold,Rudolf-Hande-Allee,7/6,50951,Bruchsal,muellerjeanette@example.com,09877554312,MGN57417
Klaus-Michael,Förster B.Sc.,Kasimir-Wiek-Platz,00,52308,Weißenfels,bekirkrein@example.net,02875 84961,MGN44019
Christina,Pieper B.Eng.,Pirmin-Benthin-Ring,0/6,40133,Bautzen,lachmannhans-josef@example.org,08674 742365,MGN42196
Dipl.-Ing.,Lena Loos B.A.,Margrafstraße,0,20036,Eckernförde,shornich@example.net,+49(0) 009672715,MGN38089
Dipl.-Ing.,Luigi Putz MBA.,Wilmsring,61,65312,Pößneck,mitschkelidwina@example.net,05613 49106,MGN99806
Nora,Rosemann-Austermühle,Hans-Uwe-Christoph-Straße,19,06700,Eckernförde,trudieimer@example.org,(07200) 074864,MGN25670
Nadia,Geißler,Ludwina-Lübs-Platz,4,45948,Bamberg,ywulff@example.com,0368578657,MGN56393
Hilda,Riehl,Hinrich-Mangold-Allee,670,42407,Pinneberg,marie-therese82@example.com,+49(0)2360 148681,MGN65472
Kristian,Becker,Iwan-Möchlichen-Weg,76,66346,Regensburg,oestrovskyleonid@example.net,(05206) 47726,MGN27133
Bernfried,Johann,Kensystr.,9/6,03936,Hansestadttralsund,markobohlander@example.org,0883159888,MGN62941
Carl,Heuser B.Sc.,Lydia-Vollbrecht-Allee,083,93285,Bautzen,klemtwalli@example.com,+49(0)7027 354680,MGN55763
Sergej,Schönland,Schäferring,770,52343,Main-Höchst,nadler@example.org,(06998) 166749,MGN73763
Frau,Rose-Marie Dippel,Budigallee,4/8,53843,Bruchsal,evelinrudolph@example.com,02878 85925,MGN40318
Dipl.-Ing.,Jörn Löffler,Tassilo-Dippel-Gasse,3/1,16794,Kelheim,zgunpf@example.com,04523 54763,MGN20057
Meinhard,Trupp,Mälzergasse,297,24695,Altötting,bluemelfriedo@example.net,+49(0)0889 96266,MGN49722
Jaroslav,Lindau,Schleichring,0/2,52888,Mayen,briemernotburga@example.org,+49 (0) 8896 586869,MGN19987
Dieter,Rörricht,Yilmaz-Pechel-Allee,368,89087,Stendal,pechelariane@example.net,(00173) 04202,MGN09379
Herr,Harold Kuhl B.Eng.,Rittergasse,931,58952,Coburg,helma97@example.com,+49(0)3121 304886,MGN76564
Dipl.-Ing.,Valentine Neureuther,Marko-Wagner-Allee,65,57647,Freudenstadt,hmaelzer@example.net,+49(0)0747359321,MGN32869
Emil,Hornich B.Eng.,Ingrid-Biggen-Ring,225,27035,Potsdam,hornigcemil@example.net,+49(0) 553683912,MGN18054
Friedbert,Wohlgemut-Fischer,Ernestine-Ackermann-Ring,002,10332,Neustrelitz,nkraus@example.net,(04810) 056071,MGN07401
Jane,Klemm-Schomber,Arnold-Karge-Gasse,7/8,60964,Diepholz,ralf73@example.net,+49(0)9097 25070,MGN89681
Dr.,Norma Pölitz B.Sc.,Jakob-Stahr-Gasse,1,33106,Ingolstadt,mzorbach@example.org,(05177) 62827,MGN30294
Univ.Prof.,Yasmin Preiß,Jopichplatz,3,11100,Bad Mergentheim,clarahermann@example.com,+49 (0) 8561 293244,MGN62491
